	accuracy	lowerAcc	upperAcc	kappa	lowerKappa	upperKappa	performance	lowerPerformance	upperPerformance
f1_cdx	0.6881258941344778	0.6700860893109052	0.7050918986752572	0.7529742218075178	0.7354545332759793	0.7704939103390563	0.700186310002155	0.675186319308696	0.724367604673243
msk	0.7024320457796852	0.6845797371212208	0.7191288948327659	0.7821610385587237	0.7657997817026315	0.7985222954148158	0.717050444522451	0.6930165388756925	0.7401725367386408
f1_heme	0.7725321888412017	0.7559084670698288	0.7876003124442262	0.8380536019387462	0.8241369665596272	0.8519702373178653	0.7848038277142382	0.7630769846152263	0.80528290275805
lacy	0.7825464949928469	0.7661454546955657	0.7973347729038152	0.8669270701083895	0.8559177704716349	0.8779363697451442	0.798082439728189	0.778176222130171	0.8165801670005816
dlbclass	0.9090909090909092	0.8953120213980179	0.919903939784494	0.8981691958830724	0.891147367642217	0.9051910241239278	0.906885368763892	0.891108449402342	0.920052320312295
