"k"	"rho_means"	"rho_sds"
2	0.8991995	0.0127397549636036
3	0.870562	0.01069515252052
4	0.933695	0.00755870658420676
5	0.9459835	0.00639296706463026
6	0.926796	0.00848817587283871
7	0.9099005	0.00947579035035174
8	0.896369	0.0101116500301216
