"k"	"rho_means"	"rho_sds"	"color"
2	0.932074	0.00631448235702547	"black"
3	0.8575995	0.00959234670592307	"black"
4	0.9288925	0.00654833545537955	"black"
5	0.9616655	0.00393252891513104	"red"
6	0.9413395	0.00562906935996498	"black"
7	0.9347595	0.00587375644916612	"black"
8	0.9224585	0.00626546951883554	"black"
