"k"	"rho_means"	"rho_sds"
2	0.8204525	0.0141538848388049
3	0.892785	0.0103165659336485
4	0.929991	0.00806987194234389
5	0.9575265	0.005563416736044
6	0.9482525	0.0067397488695144
7	0.941536	0.00683062156430686
8	0.9315445	0.00742345662689944
